t,u,y,r
0.0,0.0,0.0,0
0.01,0.0,0.0,0
0.02,0.0,0.0,0
0.03,0.0,0.0,0
0.04,0.0,0.0,0
0.05,0.0,0.0,0
0.060000000000000005,0.0,0.0,0
0.07,0.0,0.0,0
0.08,0.0,0.0,0
0.09,0.0,0.0,0
0.09999999999999999,0.0,0.0,0
0.10999999999999999,372.0,0.0,1
0.11999999999999998,69.12036109082862,0.007935162053690051,1
0.12999999999999998,61.06307327107168,0.03628733790682821,1
0.13999999999999999,57.15150885470786,0.06995668314075153,1
0.15,53.254494558310334,0.1078602773337494,1
0.16,49.260406553425554,0.14943480821431993,1
0.17,45.22394606648517,0.19406665958752106,1
0.18000000000000002,41.19017492216206,0.24114364772909844,1
0.19000000000000003,37.15284470080033,0.2901903549934028,1
0.20000000000000004,33.12304235269349,0.3407961748801305,1
0.21000000000000005,29.182316038031704,0.3923965010833907,1
0.22000000000000006,25.367561359795463,0.4444441668919973,1
0.23000000000000007,21.637140582574425,0.49661464006898837,1
0.24000000000000007,18.036580422888207,0.5485186739795277,1
0.25000000000000006,14.585219027897832,0.5997913146876942,1
0.26000000000000006,11.261419417833167,0.6502054888582112,1
0.2700000000000001,8.092231544777217,0.6994899382529428,1
0.2800000000000001,5.125420282789463,0.7473064369566264,1
0.2900000000000001,2.3313639747111274,0.7934673563913897,1
0.3000000000000001,-0.27471715758376547,0.8377630757430083,1
0.3100000000000001,-2.6572952652189343,0.8799460286158562,1
0.3200000000000001,-4.828801024941792,0.9198396837424452,1
0.3300000000000001,-6.771999841587237,0.9572601726199187,1
0.34000000000000014,-8.530608367170073,0.9921849922314814,1
0.35000000000000014,-10.079536797529515,1.0245171686232848,1
0.36000000000000015,-11.413914156687511,1.0541717523083167,1
0.37000000000000016,-12.569927695278379,1.0811841762083136,1
0.38000000000000017,-13.545511101898862,1.1055711057855842,1
0.3900000000000002,-14.328493575792466,1.1273131741528315,1
0.4000000000000002,-14.93864759524554,1.1464558423467188,1
0.4100000000000002,-15.385752439525607,1.163052414117669,1
0.4200000000000002,-15.663722421551203,1.1771360335592378,1
0.4300000000000002,-15.796568677081996,1.188802054837506,1
0.4400000000000002,-15.79230517323248,1.1981429391240455,1
0.45000000000000023,-15.657018182155548,1.2052540480990688,1
0.46000000000000024,-15.40420510277647,1.2102486517839097,1
0.47000000000000025,-15.043766170889281,1.2132456581248454,1
0.48000000000000026,-14.583645828679735,1.2143630351867685,1
0.49000000000000027,-14.040066767441974,1.2137395371099509,1
0.5000000000000002,-13.415775370217538,1.2114952272489248,1
0.5100000000000002,-12.730003393565113,1.207779281468581,1
0.5200000000000002,-11.98881673085836,1.202728577630938,1
0.5300000000000002,-11.199983211350954,1.1964747569028429,1
0.5400000000000003,-10.365005734352785,1.1891275051589036,1
0.5500000000000003,-9.50642015274404,1.180838317531519,1
0.5600000000000003,-8.629849604430136,1.1717432982859135,1
0.5700000000000003,-7.730944707905847,1.1619395707476454,1
0.5800000000000003,-6.8271143393983875,1.1515552601256263,1
0.5900000000000003,-5.930406100755229,1.1407248480611725,1
0.6000000000000003,-5.033393954920846,1.1295353478862984,1
0.6100000000000003,-4.146709688013108,1.1180885593808652,1
0.6200000000000003,-3.2787683079433307,1.1064858116858687,1
0.6300000000000003,-2.4337823896711708,1.0948256739998645,1
0.6400000000000003,-1.6271678323115921,1.083225173082539,1
0.6500000000000004,-0.848563504111219,1.0717506788252487,1
0.6600000000000004,-0.10780428243164453,1.0604838622930697,1
0.6700000000000004,0.5991871383209455,1.0494765965943649,1
0.6800000000000004,1.2641525576780188,1.0387973868114961,1
0.6900000000000004,1.8824620643901175,1.0285105579347886,1
0.7000000000000004,2.4620906783634067,1.0186454111807555,1
0.7100000000000004,2.9982891878335183,1.0092422843107536,1
0.7200000000000004,3.4863270382301748,1.0003424492732573,1
0.7300000000000004,3.9306699590824152,0.9919695701045043,1
0.7400000000000004,4.321991412745488,0.9841675438792182,1
0.7500000000000004,4.671636977941391,0.9769386354824099,1
0.7600000000000005,4.975602259325026,0.970298491592256,1
0.7700000000000005,5.233067075273361,0.9642599578863342,1
0.7800000000000005,5.451078987072285,0.9588129501331846,1
0.7900000000000005,5.629571847145755,0.9539524486577707,1
0.8000000000000005,5.767336116030078,0.9496745818644596,1
0.8100000000000005,5.868694550331679,0.9459670173071177,1
0.8200000000000005,5.9320841764879155,0.942822541870901,1
0.8300000000000005,5.96288137492522,0.9402199748500127,1
0.8400000000000005,5.962996004095061,0.938138447999307,1
0.8500000000000005,5.933596129156223,0.9365570082450958,1
0.8600000000000005,5.8777266827910655,0.9354505375527497,1
0.8700000000000006,5.797624509283784,0.9347925741485714,1
0.8800000000000006,5.695090085387141,0.934556772500853,1
0.8900000000000006,5.573705078731973,0.9347122602971456,1
0.9000000000000006,5.434496809584678,0.9352311934889461,1
0.9100000000000006,5.280670885493295,0.9360823785430754,1
0.9200000000000006,5.1130159628341865,0.9372385560589706,1
0.9300000000000006,4.935737324658,0.9386660941716494,1
0.9400000000000006,4.75109026253738,0.9403318568398698,1
0.9500000000000006,4.557621635016476,0.9422132535443254,1
0.9600000000000006,4.3605375277939356,0.9442774134000513,1
0.9700000000000006,4.160780456155836,0.9464956646320822,1
0.9800000000000006,3.9577938084861852,0.9488465890476766,1
0.9900000000000007,3.7558694689434255,0.9513004511917038,1
1.0000000000000007,3.5574169411464567,0.9538273306157303,1
1.0100000000000007,3.359903583193213,0.9564102329468311,1
1.0200000000000007,3.1661130403939204,0.9590273008652302,1
1.0300000000000007,2.979018005308055,0.9616530968682511,1
1.0400000000000007,2.797981156562091,0.9642689553516379,1
1.0500000000000007,2.623259860992859,0.966859202696956,1
1.0600000000000007,2.4566514125040584,0.9694060169060796,1
1.0700000000000007,2.298006396548549,0.9718961088171764,1
1.0800000000000007,2.1478212822984406,0.9743164111682694,1
1.0900000000000007,2.0085254447967045,0.9766506283863481,1
1.1000000000000008,1.8801545726083453,0.9788850772320237,1
1.1100000000000008,1.7612406415136794,0.9810132222561958,1
1.1200000000000008,1.6528156026951581,0.9830266625180671,1
1.1300000000000008,1.5538355520518379,0.9849220155699929,1
1.1400000000000008,1.4651931916640422,0.9866932821481906,1
1.1500000000000008,1.386796583368237,0.9883367512466557,1
1.1600000000000008,1.3178345820597412,0.9898512159492641,1
1.1700000000000008,1.2592994721506316,0.9912330151623316,1
1.1800000000000008,1.2100459755786155,0.9924827573865583,1
1.1900000000000008,1.1697187283423949,0.9936012661281074,1
1.2000000000000008,1.1385009568436943,0.9945894222196932,1
1.2100000000000009,1.1154686395808828,0.9954498435963116,1
1.2200000000000009,1.100965681253813,0.9961840686164354,1
1.2300000000000009,1.0937369703587776,0.9967969336662705,1
1.2400000000000009,1.0933962076519215,0.9972930520304997,1
1.2500000000000009,1.0996829992338735,0.9976770997147797,1
1.260000000000001,1.111910716363417,0.9979546522590927,1
1.270000000000001,1.1296066281049166,0.9981315441566423,1
1.280000000000001,1.1522909669168906,0.9982137941011472,1
1.290000000000001,1.1792498580282653,0.9982081857974073,1
1.300000000000001,1.210320742495242,0.9981206678563398,1
1.310000000000001,1.2447042284332825,0.9979582111283359,1
1.320000000000001,1.2818283037758271,0.99772799414495,1
1.330000000000001,1.3213669385674778,0.9974367031064708,1
1.340000000000001,1.3628051635195781,0.9970911368723925,1
1.350000000000001,1.4061201829539896,0.9966967956080726,1
1.360000000000001,1.4505122955697018,0.9962604015978466,1
1.370000000000001,1.4953676095910344,0.9957889524552131,1
1.380000000000001,1.5408982413976786,0.9952874766054037,1
1.390000000000001,1.5864043795718157,0.9947621070972181,1
1.400000000000001,1.6310054731817116,0.9942200463419322,1
1.410000000000001,1.67534424310846,0.9936653038417305,1
1.420000000000001,1.7189244599905342,0.9931025904227305,1
1.430000000000001,1.7609698285059663,0.9925377542196492,1
1.440000000000001,1.8016721287700619,0.9919749586563131,1
1.450000000000001,1.840481925736182,0.991419121953209,1
1.460000000000001,1.877879496392966,0.9908727183124065,1
1.470000000000001,1.9133856978298733,0.9903393206017851,1
1.480000000000001,1.9466687720124976,0.9898224786291506,1
1.490000000000001,1.9775676630765886,0.9893256148426471,1
1.500000000000001,2.006179845006942,0.9888511480913723,1
1.5100000000000011,2.0328838249143315,0.9883999271850676,1
1.5200000000000011,2.0575529985876617,0.9879730682845673,1
1.5300000000000011,2.0797644635059824,0.9875726370586979,1
1.5400000000000011,2.0993924356586477,0.9872006118474399,1
1.5500000000000012,2.1169621948029222,0.9868570627572717,1
1.5600000000000012,2.132245734434641,0.9865428059516832,1
1.5700000000000012,2.145218958177899,0.9862584648477878,1
1.5800000000000012,2.1562214436302773,0.9860035728642926,1
1.5900000000000012,2.1651802549082517,0.9857780688736653,1
1.6000000000000012,2.1721555320828885,0.985581619758883,1
1.6100000000000012,2.177324293529538,0.9854135270805102,1
1.6200000000000012,2.180676146331048,0.9852732534459401,1
1.6300000000000012,2.1823136785604578,0.9851600757848403,1
1.6400000000000012,2.182381367191846,0.9850730088765018,1
1.6500000000000012,2.181006931611648,0.9850108834364788,1
1.6600000000000013,2.1783193482976917,0.9849724382470156,1
1.6700000000000013,2.17439519499011,0.9849564208662457,1
1.6800000000000013,2.1693932694158145,0.9849613974216694,1
1.6900000000000013,2.163376435624365,0.9849860327986011,1
1.7000000000000013,2.156511581231338,0.9850287948264885,1
1.7100000000000013,2.148902193245926,0.9850881663651303,1
1.7200000000000013,2.140686957724044,0.9851625417405757,1
1.7300000000000013,2.1318819992395808,0.9852505884839776,1
1.7400000000000013,2.122711672245533,0.9853506073053308,1
1.7500000000000013,2.1132087823003545,0.985461149513461,1
1.7600000000000013,2.1033577180821443,0.9855811042046407,1
1.7700000000000014,2.09336822959894,0.9857089614296403,1
1.7800000000000014,2.0834391829955394,0.9858429899352645,1
1.7900000000000014,2.0734040837891414,0.985982262623661,1
1.8000000000000014,2.0634702027051888,0.9861254354253562,1
1.8100000000000014,2.053673724875188,0.9862713533742418,1
1.8200000000000014,2.044156984550601,0.9864186730913875,1
1.8300000000000014,2.034798987849863,0.9865666946939985,1
1.8400000000000014,2.0257119978301166,0.9867144687331307,1
1.8500000000000014,2.01701315992224,0.9868609848905542,1
1.8600000000000014,2.0086551224955413,0.9870055154216613,1
1.8700000000000014,2.000782226713969,0.9871470929731315,1
1.8800000000000014,1.9934169889933213,0.987284873760345,1
1.8900000000000015,1.9864580183106346,0.9874184879867187,1
1.9000000000000015,1.9800008307450274,0.9875473208426632,1
1.9100000000000015,1.97403642141715,0.9876709638290261,1
1.9200000000000015,1.9685856707197327,0.9877889772220652,1
1.9300000000000015,1.9636794491500564,0.9879009598446027,1
1.9400000000000015,1.9593136670940634,0.9880065836133828,1
1.9500000000000015,1.9554042972120287,0.9881058446421519,1
1.9600000000000015,1.9519996202361174,0.988198563563407,1
1.9700000000000015,1.949075999492007,0.9882847095668066,1
1.9800000000000015,1.9466191834303535,0.9883642519550334,1
1.9900000000000015,1.9446479677546087,0.9884371437825807,1
2.0000000000000013,1.9431220036083932,0.9885034500746167,1
2.010000000000001,1.9419967974384262,0.9885633661565307,1
2.020000000000001,1.9412537983061924,0.9886170661334126,1
2.0300000000000007,1.9409002739408328,0.9886646941113473,1
2.0400000000000005,1.9408937740025738,0.9887064791555286,1
2.0500000000000003,1.94121105468308,0.9887426677196685,1
2.06,1.9418252148409436,0.9887735321199067,1
2.07,1.942708469492766,0.9887993692154282,1
2.0799999999999996,1.9438330261928425,0.9888204950385688,1
2.0899999999999994,1.9451930349750841,0.9888371865148975,1
2.099999999999999,1.946743545159374,0.9888497809250546,1
2.109999999999999,1.9484567633462255,0.9888586303714498,1
2.1199999999999988,1.950322408620954,0.9888640475179028,1
2.1299999999999986,1.9523021584423064,0.988866387486855,1
2.1399999999999983,1.9543750463044278,0.9888659946332193,1
2.149999999999998,1.9565101113879786,0.9888632307028766,1
2.159999999999998,1.9587261266741973,0.9888583373010373,1
2.1699999999999977,1.9609653284472401,0.9888516661277191,1
2.1799999999999975,1.9632342359577784,0.9888434821998895,1
2.1899999999999973,1.9655248666447924,0.988834021399839,1
2.199999999999997,1.9677836352053677,0.9888236213588663,1
2.209999999999997,1.9699971468547934,0.9888125875790438,1
2.2199999999999966,1.9721666516636172,0.9888011643857101,1
2.2299999999999964,1.9742717770626022,0.9887896038080634,1
2.239999999999996,1.9763173997883872,0.988778094853702,1
2.249999999999996,1.978271989678252,0.9887668770805909,1
2.259999999999996,1.9801331485124103,0.9887561483379498,1
2.2699999999999956,1.981900402152251,0.9887460695493343,1
2.2799999999999954,1.9835580341429533,0.9887368130973871,1
2.289999999999995,1.9851249144060417,0.9887284654884262,1
2.299999999999995,1.9865733400407832,0.9887211727551949,1
2.3099999999999947,1.9879062788870647,0.9887150432833716,1
2.3199999999999945,1.989124169930602,0.9887101631183531,1
2.3299999999999943,1.990245028507208,0.9887065519239019,1
2.339999999999994,1.9912642840180645,0.9887042383532513,1
2.349999999999994,1.9921599666581757,0.9887033049581331,1
2.3599999999999937,1.9929353671760852,0.9887038082158293,1
2.3699999999999934,1.9936103561104832,0.9887057399125023,1
2.3799999999999932,1.9941793730963906,0.9887091079240414,1
2.389999999999993,1.9946508477012743,0.9887138959011981,1
2.399999999999993,1.9950212765026567,0.9887200987085428,1
2.4099999999999926,1.9953033536923024,0.9887276794380768,1
2.4199999999999924,1.995499503016216,0.9887365997986426,1
2.429999999999992,1.9956102669733948,0.9887468271535383,1
2.439999999999992,1.9956434867272863,0.9887583140936044,1
2.4499999999999917,1.9956044752991204,0.9887710069214954,1
2.4599999999999915,1.9955002452610484,0.9887848461180714,1
2.4699999999999913,1.995335690942441,0.988799765843012,1
2.479999999999991,1.995117288511669,0.9888156971520006,1
2.489999999999991,1.9948492004185903,0.9888325748525417,1
2.4999999999999907,1.9945363643352934,0.9888503328362804,1
2.5099999999999905,1.9941863100931934,0.9888688922533035,1
2.5199999999999902,1.993806266868973,0.9888881735953741,1
2.52999999999999,1.9933986055725046,0.9889081063544535,1
2.53999999999999,1.992968116209527,0.988928620503639,1
2.5499999999999896,1.9925195648586544,0.9889496464868455,1
2.5599999999999894,1.9920575659848123,0.9889711155754929,1
2.569999999999989,1.991586531501927,0.9889929602918527,1
2.579999999999989,1.9911106372459237,0.9890151148387969,1
2.5899999999999888,1.990633797408136,0.9890375155134915,1
2.5999999999999885,1.9901596458018391,0.9890601010898483,1
2.6099999999999883,1.9896915234557322,0.9890828131587519,1
2.619999999999988,1.9892324720206336,0.9891055964185658,1
2.629999999999988,1.9887909482594954,0.9891283785358757,1
2.6399999999999877,1.9883683681235262,0.9891511025740746,1
2.6499999999999875,1.9879629274463506,0.9891737274680953,1
2.6599999999999873,1.9875757174817001,0.9891962176832894,1
2.669999999999987,1.9872094029308165,0.9892185360632882,1
2.679999999999987,1.986867282229059,0.9892406429596605,1
2.6899999999999866,1.986546470965113,0.9892625180049004,1
2.6999999999999864,1.9862478887116153,0.98928414088802,1
2.709999999999986,1.9859725117038716,0.9893054927751078,1
2.719999999999986,1.9857223406561029,0.9893265478799343,1
2.7299999999999858,1.9854995778209035,0.9893472848096688,1
2.7399999999999856,1.9853010707158474,0.9893676955237186,1
2.7499999999999853,1.985126567153577,0.9893877745764242,1
2.759999999999985,1.9849754543268878,0.9894075118570882,1
2.769999999999985,1.9848505455997714,0.9894268991481692,1
2.7799999999999847,1.984748802164107,0.989445938689471,1
2.7899999999999845,1.9846680956231049,0.9894646328146862,1
2.7999999999999843,1.9846102456015862,0.9894829797711425,1
2.809999999999984,1.984573217571923,0.9895009865574813,1
2.819999999999984,1.9845567181462203,0.9895186622000397,1
2.8299999999999836,1.984556516625907,0.9895360168191325,1
2.8399999999999834,1.984574703426275,0.9895530600779716,1
2.849999999999983,1.9846084105546835,0.9895698042507078,1
2.859999999999983,1.9846562274515203,0.9895862634468255,1
2.869999999999983,1.98471836744636,0.9896024510962317,1
2.8799999999999826,1.9847918430127915,0.9896183831321378,1
2.8899999999999824,1.984876974138785,0.9896340742744928,1
2.899999999999982,1.9849711851116243,0.9896495412129896,1
2.909999999999982,1.9850748147777986,0.9896647989061438,1
2.9199999999999817,1.9851853604803071,0.9896798639155026,1
2.9299999999999815,1.9853006626900946,0.9896947553348272,1
2.9399999999999813,1.9854235904857551,0.9897094856423763,1
2.949999999999981,1.9855487026214018,0.9897240716380415,1
2.959999999999981,1.9856753464671022,0.9897385334063457,1
2.9699999999999807,1.9858035001272265,0.9897528865031913,1
2.9799999999999804,1.9859342437813534,0.9897671425259058,1
2.9899999999999802,1.9860668205349945,0.9897813128997189,1
2.99999999999998,1.9861965324903221,0.9897954137196423,1
3.00999999999998,1.9863252343416382,0.9898094594306593,1
3.0199999999999796,1.9864530528831654,0.9898234596021548,1
3.0299999999999794,1.98657883091542,0.9898374246829893,1
3.039999999999979,1.9866981164242434,0.9898513713099092,1
3.049999999999979,1.9868119273502576,0.9898653137979677,1
3.0599999999999787,1.9869231835836638,0.9898792574425633,1
3.0699999999999785,1.987031412893119,0.9898932078401395,1
3.0799999999999783,1.9871326966973102,0.9899071745355175,1
3.089999999999978,1.9872271215624644,0.989921168723782,1
3.099999999999978,1.9873188945778202,0.9899351916471468,1
3.1099999999999777,1.9874037955335806,0.9899492485909832,1
3.1199999999999775,1.9874837028849877,0.9899633444570982,1
3.1299999999999772,1.9875578733292747,0.9899774821951437,1
3.139999999999977,1.9876255971021874,0.9899916662386716,1
3.149999999999977,1.9876867939631129,0.9900059001389592,1
3.1599999999999766,1.987744669727825,0.9900201826014803,1
3.1699999999999764,1.9877958129401938,0.9900345144218167,1
3.179999999999976,1.9878417675805893,0.9900488970210837,1
3.189999999999976,1.9878824119327794,0.9900633301192203,1
3.1999999999999758,1.987917610524726,0.9900778135473938,1
3.2099999999999755,1.9879493257386534,0.990092344679249,1
3.2199999999999753,1.9879765191758543,0.9901069215251207,1
3.229999999999975,1.9879993438391972,0.9901215424094743,1
3.239999999999975,1.988018048077393,0.9901362051116647,1
3.2499999999999747,1.9880330934577415,0.9901509069639972,1
3.2599999999999745,1.9880447715089413,0.9901656449260762,1
3.2699999999999743,1.9880535213915564,0.990180415750882,1
3.279999999999974,1.9880602895751303,0.9901952156909495,1
3.289999999999974,1.9880643238338218,0.9902100413132233,1
3.2999999999999736,1.9880659057869627,0.9902248891565579,1
3.3099999999999734,1.988065829380345,0.9902397555151409,1
3.319999999999973,1.9880645885796087,0.9902546367910223,1
3.329999999999973,1.9880623713730805,0.9902695293554756,1
3.3399999999999728,1.9880585916923021,0.9902844296862585,1
3.3499999999999726,1.988054274060286,0.9902993342439718,1
3.3599999999999723,1.988048770216929,0.990314239636827,1
3.369999999999972,1.9880426209307456,0.9903291424113605,1
3.379999999999972,1.9880364473730079,0.990344039198136,1
3.3899999999999717,1.9880302471362747,0.9903589268148076,1
3.3999999999999715,1.988024200909312,0.990373802196052,1
3.4099999999999713,1.9880184878143823,0.9903886624333877,1
3.419999999999971,1.9880132920541926,0.9904035047874507,1
3.429999999999971,1.9880082563586685,0.9904183265945014,1
3.4399999999999706,1.9880040827904735,0.9904331254223416,1
3.4499999999999704,1.9880009858033982,0.9904478990789074,1
3.45999999999997,1.9879985453900475,0.9904626455113947,1
3.46999999999997,1.9879978584859515,0.9904773628383304,1
3.47999999999997,1.9879980136648638,0.990492049512139,1
3.4899999999999696,1.9879999917396918,0.99050670404797,1
3.4999999999999694,1.9880035302524475,0.990521325140694,1
3.509999999999969,1.988007998569491,0.9905359116808719,1
3.519999999999969,1.9880133885265339,0.9905504628092622,1
3.5299999999999687,1.9880196870479334,0.9905649778821126,1
3.5399999999999685,1.9880269722988018,0.9905794564215887,1
3.5499999999999683,1.9880354802454063,0.9905938979841611,1
3.559999999999968,1.988045175000392,0.9906083022611442,1
3.569999999999968,1.9880560358871422,0.9906226690684379,1
3.5799999999999677,1.9880680220907054,0.9906369983783423,1
3.5899999999999674,1.988081103182596,0.9906512902614024,1
3.5999999999999672,1.9880952316699356,0.9906655449132611,1
3.609999999999967,1.9881103581133797,0.9906797626356435,1
3.619999999999967,1.9881264295196326,0.990693943825307,1
3.6299999999999666,1.988143389207985,0.9907080889654591,1
3.6399999999999664,1.9881611785620725,0.9907221986141014,1
3.649999999999966,1.9881797366263574,0.9907362733956884,1
3.659999999999966,1.9881990008191295,0.9907503139924646,1
3.6699999999999657,1.9882189074924328,0.9907643211359541,1
3.6799999999999655,1.9882393929286075,0.9907782955974013,1
3.6899999999999653,1.9882603932075156,0.9907922381804062,1
3.699999999999965,1.9882818451785718,0.9908061497123618,1
3.709999999999965,1.9883036864992036,0.990820031037436,1
3.7199999999999647,1.9883258563957091,0.9908338830088605,1
3.7299999999999645,1.9883482956155398,0.9908477064828369,1
3.7399999999999642,1.9883709471621471,0.9908615023116442,1
3.749999999999964,1.9883937561355993,0.9908752713385091,1
3.759999999999964,1.9884166703993271,0.9908890143916789,1
3.7699999999999636,1.9884396403571876,0.9909027322802437,1
3.7799999999999634,1.9884626195495598,0.9909164257891703,1
3.789999999999963,1.9884855643541504,0.990930095676107,1
3.799999999999963,1.9885084345265716,0.9909437426673624,1
3.8099999999999627,1.9885311928309448,0.9909573674556629,1
3.8199999999999625,1.988553805526641,0.990970970697046,1
3.8299999999999623,1.988576241938105,0.9909845530095215,1
3.839999999999962,1.988598474894761,0.9909981149708201,1
3.849999999999962,1.9886204802457939,0.991011657117894,1
3.8599999999999617,1.988642237261752,0.9910251799454458,1
3.8699999999999615,1.9886637281017296,0.9910386839061879,1
3.8799999999999613,1.9886849381837655,0.9910521694100671,1
3.889999999999961,1.9887058556058348,0.9910656368252111,1
3.899999999999961,1.988726471598336,0.9910790864774812,1
3.9099999999999606,1.9887467796196407,0.9910925186525634,1
3.9199999999999604,1.9887667758642806,0.9911059335962971,1
3.92999999999996,1.988786459075331,0.9911193315154562,1
3.93999999999996,1.98880583001386,0.9911327125798175,1
3.9499999999999598,1.9888248914841218,0.9911460769237728,1
3.9599999999999596,1.9888436482137808,0.9911594246479607,1
3.9699999999999593,1.9888621067102261,0.99117275582098,1
3.979999999999959,1.9888802748964614,0.9911860704817592,1
3.989999999999959,1.9888981621918214,0.9911993686412606,1
3.9999999999999587,1.988915779034619,0.9912126502851463,1
4.009999999999959,1.9889331373471726,0.9912259153746832,1
4.019999999999959,1.9889502494316729,0.9912391638504526,1
4.0299999999999585,1.9889671285632207,0.9912523956337526,1
4.039999999999958,1.9889837885861676,0.9912656106288192,1
4.049999999999958,1.9890002438092298,0.9912788087249066,1
4.059999999999958,1.9890165087743779,0.9912919897985891,1
4.069999999999958,1.989032598266863,0.9913051537155964,1
4.079999999999957,1.9890485270840845,0.991318300332917,1
4.089999999999957,1.9890643099959582,0.9913314295006055,1
4.099999999999957,1.989079961588637,0.9913445410636611,1
4.109999999999957,1.9890954962284544,0.9913576348636424,1
4.119999999999957,1.989110927879357,0.991370710740461,1
4.129999999999956,1.98912627014386,0.9913837685337193,1
4.139999999999956,1.9891415360777154,0.9913968080842873,1
4.149999999999956,1.9891567382495106,0.9914098292354141,1
4.159999999999956,1.9891718885624292,0.9914228318341031,1
4.1699999999999555,1.989186998329432,0.9914358157320178,1
4.179999999999955,1.9892020781187263,0.9914487807866267,1
4.189999999999955,1.9892171378462333,0.9914617268618763,1
4.199999999999955,1.9892321866308769,0.9914746538291211,1
4.209999999999955,1.9892472329039674,0.9914875615675779,1
4.2199999999999545,1.989262284276884,0.9915004499650447,1
4.229999999999954,1.9892773476409942,0.9915133189182104,1
4.239999999999954,1.98929242912076,0.9915261683330279,1
4.249999999999954,1.9893075341256334,0.9915389981248723,1
4.259999999999954,1.9893226673138487,0.9915518082187635,1
4.269999999999953,1.9893378325625213,0.9915645985496229,1
4.279999999999953,1.9893530329431628,0.9915773690625446,1
4.289999999999953,1.9893682714151937,0.9915901197111436,1
4.299999999999953,1.9893835496911652,0.9916028504592753,1
4.3099999999999525,1.9893988691368931,0.9916155612799975,1
4.319999999999952,1.9894142304941393,0.9916282521554767,1
4.329999999999952,1.989429634002976,0.9916409230765805,1
4.339999999999952,1.9894450794893195,0.991653574042311,1
4.349999999999952,1.989460566008057,0.9916662050603052,1
4.3599999999999515,1.989476092492469,0.9916788161454895,1
4.369999999999951,1.9894916573189942,0.9916914073201625,1
4.379999999999951,1.9895072586610019,0.991703978613109,1
4.389999999999951,1.9895228942672132,0.9917165300594786,1
4.399999999999951,1.9895385617041157,0.9917290617000343,1
4.40999999999995,1.9895542582341823,0.9917415735808723,1
4.41999999999995,1.9895699809825702,0.9917540657527464,1
4.42999999999995,1.989585726870482,0.9917665382707,1
4.43999999999995,1.9896014927295511,0.9917789911934619,1
4.4499999999999496,1.9896172752706158,0.9917914245830403,1
4.459999999999949,1.9896330711652115,0.9918038385041762,1
4.469999999999949,1.989648877034884,0.9918162330239304,1
4.479999999999949,1.9896646895098165,0.9918286082111916,1
4.489999999999949,1.9896805052293025,0.991840964136278,1
4.4999999999999485,1.9896963208854408,0.9918533008704984,1
4.509999999999948,1.9897121332282288,0.9918656184857837,1
4.519999999999948,1.9897279390979752,0.9918779170543026,1
4.529999999999948,1.9897437354294645,0.9918901966481404,1
4.539999999999948,1.989759519287092,0.9919024573389451,1
4.549999999999947,1.9897752878538875,0.9919146991976723,1
4.559999999999947,1.9897910384687245,0.9919269222942787,1
4.569999999999947,1.9898067686072203,0.9919391266975274,1
4.579999999999947,1.9898224759196583,0.9919513124747285,1
4.589999999999947,1.9898381582192735,0.9919634796915623,1
4.599999999999946,1.989853813477222,0.9919756284119505,1
4.609999999999946,1.9898694398480188,0.9919877586978845,1
4.619999999999946,1.9898850356578652,0.9919998706093185,1
4.629999999999946,1.9899005994269496,0.9920119642040247,1
4.6399999999999455,1.9899161298264134,0.9920240395375921,1
4.649999999999945,1.9899316257103354,0.9920360966633405,1
4.659999999999945,1.989947086138906,0.9920481356321885,1
4.669999999999945,1.98996251020531,0.9920601564930164,1
4.679999999999945,1.9899778973086906,0.9920721592922216,1
4.689999999999944,1.9899932469289747,0.9920841440739685,1
4.699999999999944,1.9900085587076617,0.9920961108801727,1
4.709999999999944,1.9900238324157737,0.9921080597505753,1
4.719999999999944,1.9900390679629587,0.9921199907227789,1
4.729999999999944,1.9900542653746474,0.9921319038323391,1
4.739999999999943,1.9900694247636161,0.992143799112915,1
4.749999999999943,1.990084546422566,0.9921556765961417,1
4.759999999999943,1.9900996306667813,0.9921675363119521,1
4.769999999999943,1.9901146779395165,0.9921793782885531,1
4.7799999999999425,1.9901296887263156,0.9921912025526373,1
4.789999999999942,1.9901446636095488,0.9922030091294077,1
4.799999999999942,1.9901596032101305,0.9922147980427549,1
4.809999999999942,1.9901745082172742,0.9922265693153198,1
4.819999999999942,1.9901893793489336,0.9922383229686517,1
4.8299999999999415,1.990204217368174,0.9922500590232913,1
4.839999999999941,1.9902190230559635,0.9922617774989122,1
4.849999999999941,1.990233797219442,0.9922734784144117,1
4.859999999999941,1.9902485406724038,0.9922851617880379,1
4.869999999999941,1.9902632542384513,0.9922968276374834,1
4.87999999999994,1.9902779387370784,0.9923084759799983,1
4.88999999999994,1.9902925949841646,0.9923201068324806,1
4.89999999999994,1.990307223781934,0.9923317202115761,1
4.90999999999994,1.9903218259174222,0.9923433161337628,1
4.9199999999999395,1.9903364021558632,0.9923548946154372,1
4.929999999999939,1.9903509532394568,0.9923664556729873,1
4.939999999999939,1.9903654798791581,0.9923779993228731,1
4.949999999999939,1.9903799827578978,0.9923895255816833,1
4.959999999999939,1.9903944625218384,0.9924010344662043,1
4.9699999999999385,1.9904089197847996,0.9924125259934642,1
4.979999999999938,1.9904233551196766,0.9924240001807906,1
4.989999999999938,1.9904377690615593,0.9924354570458495,1
4.999999999999938,1.990452162108451,0.9924468966066742,1
5.009999999999938,1.9904665347161006,0.9924583188817027,1
5.019999999999937,1.9904808873002078,0.9924697238898014,1
5.029999999999937,1.990495220232088,0.9924811116502962,1
5.039999999999937,1.9905095338390155,0.9924924821829959,1
5.049999999999937,1.9905238284342683,0.9925038355081314,1
5.0599999999999365,1.990538104260675,0.9925151716464568,1
5.069999999999936,1.9905523615408165,0.9925264906191967,1
5.079999999999936,1.9905666004566336,0.9925377924480585,1
5.089999999999936,1.9905808211569356,0.9925490771552211,1
5.099999999999936,1.9905950237554704,0.9925603447633319,1
5.1099999999999355,1.9906092083361697,0.9925715952954893,1
5.119999999999935,1.990623374952593,0.9925828287752307,1
5.129999999999935,1.9906375236311291,0.9925940452265134,1
5.139999999999935,1.9906516543783923,0.9926052446736797,1
5.149999999999935,1.990665767161611,0.9926164271414809,1
5.159999999999934,1.9906798619416302,0.992627592655008,1
5.169999999999934,1.9906939386508942,0.9926387412396951,1
5.179999999999934,1.9907079972124602,0.9926498729212707,1
5.189999999999934,1.990722037527772,0.9926609877257514,1
5.199999999999934,1.9907360594897276,0.9926720856794012,1
5.209999999999933,1.9907500629761428,0.9926831668087168,1
5.219999999999933,1.9907640478585769,0.9926942311403912,1
5.229999999999933,1.9907780139986193,0.992705278701295,1
5.239999999999933,1.9907919612542442,0.9927163095184435,1
5.2499999999999325,1.9908058894778362,0.992727323618976,1
5.259999999999932,1.990819798520579,0.9927383210301269,1
5.269999999999932,1.990833688231704,0.9927493017792047,1
5.279999999999932,1.9908475584619074,0.9927602658935654,1
5.289999999999932,1.9908614090628847,0.9927712134005925,1
5.299999999999931,1.9908752398897553,0.9927821443276748,1
5.309999999999931,1.9908890508015349,0.9927930587021863,1
5.319999999999931,1.9909028416623784,0.9928039565514675,1
5.329999999999931,1.9909166123420061,0.9928148379028087,1
5.339999999999931,1.9909303627173542,0.9928257027834322,1
5.34999999999993,1.9909440926722495,0.992836551220479,1
5.35999999999993,1.9909578020988394,0.992847383240994,1
5.36999999999993,1.9909714908969607,0.992858198871916,1
5.37999999999993,1.9909851589758323,0.9928689981400649,1
5.3899999999999295,1.9909988062535313,0.9928797810721333,1
5.399999999999929,1.9910124326565182,0.9928905476946801,1
5.409999999999929,1.9910260381213147,0.9929012980341221,1
5.419999999999929,1.9910396225931435,0.9929120321167297,1
5.429999999999929,1.9910531860279468,0.9929227499686192,1
5.4399999999999284,1.9910667283920596,0.9929334516157459,1
5.449999999999928,1.9910802496527265,0.9929441370839265,1
5.459999999999928,1.9910937497959251,0.9929548063988072,1
5.469999999999928,1.9911072288112048,0.9929654595858795,1
5.479999999999928,1.9911206866973035,0.9929760966704778,1
5.489999999999927,1.9911341234604332,0.9929867176777826,1
5.499999999999927,1.9911475391147986,0.9929973226328207,1
5.509999999999927,1.991160933681393,0.9930079115604699,1
5.519999999999927,1.9911743071878942,0.9930184844854619,1
5.5299999999999265,1.9911876596680107,0.9930290414323877,1
5.539999999999926,1.9912009911614508,0.9930395824257007,1
5.549999999999926,1.991214301712874,0.9930501074897232,1
5.559999999999926,1.9912275913701367,0.9930606166486563,1
5.569999999999926,1.9912408601900882,0.9930711099265711,1
5.5799999999999255,1.991254108228727,0.9930815873474296,1
5.589999999999925,1.9912673355479795,0.9930920489350825,1
5.599999999999925,1.9912805422106,0.9931024947132818,1
5.609999999999925,1.9912937282834333,0.9931129247056816,1
5.619999999999925,1.9913068938339997,0.9931233389358481,1
5.629999999999924,1.9913200389325043,0.993133737427263,1
5.639999999999924,1.9913331636492912,0.9931441202033316,1
5.649999999999924,1.991346268056265,0.9931544872873875,1
5.659999999999924,1.9913593522251936,0.9931648387026991,1
5.6699999999999235,1.9913724162282984,0.9931751744724745,1
5.679999999999923,1.991385460137114,0.993185494619868,1
5.689999999999923,1.9913984840230898,0.9931957991679842,1
5.699999999999923,1.9914114879564146,0.9932060881398835,1
5.709999999999923,1.9914244720065657,0.9932163615585866,1
5.7199999999999225,1.9914374362415201,0.9932266194470787,1
5.729999999999922,1.991450380727855,0.9932368618283136,1
5.739999999999922,1.9914633055304773,0.9932470887252176,1
5.749999999999922,1.9914762107126058,0.9932573001606924,1
5.759999999999922,1.9914890963354643,0.9932674961576183,1
5.769999999999921,1.991501962458172,0.9932776767388578,1
5.779999999999921,1.9915148091380626,0.9932878419272564,1
5.789999999999921,1.9915276364299592,0.9932979917456463,1
5.799999999999921,1.9915404443867257,0.9933081262168473,1
5.809999999999921,1.9915532330589414,0.9933182453636688,1
5.81999999999992,1.9915660024950226,0.9933283492089106,1
5.82999999999992,1.9915787527412256,0.993338437775364,1
5.83999999999992,1.9915914838414612,0.9933485110858131,1
5.84999999999992,1.9916041958377844,0.9933585691630342,1
5.8599999999999195,1.991616888769924,0.993368612029797,1
5.869999999999919,1.9916295626757896,0.9933786397088639,1
5.879999999999919,1.9916422175913482,0.99338865222299,1
5.889999999999919,1.9916548535505487,0.9933986495949233,1
5.899999999999919,1.991667470585936,0.9934086318474029,1
5.909999999999918,1.9916800687279772,0.9934185990031598,1
5.919999999999918,1.9916926480058497,0.9934285510849149,1
5.929999999999918,1.9917052084471074,0.993438488115379,1
5.939999999999918,1.9917177500783343,0.9934484101172505,1
5.949999999999918,1.9917302729243465,0.9934583171132155,1
5.959999999999917,1.9917427770092349,0.993468209125946,1
5.969999999999917,1.991755262356048,0.9934780861780983,1
5.979999999999917,1.9917677289866678,0.9934879482923126,1
5.989999999999917,1.9917801769225094,0.9934977954912106,1
5.9999999999999165,1.9917926061841573,0.993507627797395,1
6.009999999999916,1.9918050167915946,0.9935174452334474,1
6.019999999999916,1.9918174087643001,0.9935272478219278,1
6.029999999999916,1.9918297821215565,0.9935370355853721,1
6.039999999999916,1.9918421368822121,0.9935468085462915,1
6.0499999999999154,1.9918544730647951,0.9935565667271715,1
6.059999999999915,1.9918667906880367,0.9935663101504696,1
6.069999999999915,1.991879089770335,0.9935760388386149,1
6.079999999999915,1.9918913703302357,0.9935857528140067,1
6.089999999999915,1.9919036323862986,0.9935954520990137,1
6.099999999999914,1.9919158759574147,0.993605136715972,1
6.109999999999914,1.9919281010624643,0.9936148066871852,1
6.119999999999914,1.9919403077212485,0.9936244620349212,1
6.129999999999914,1.9919524959520818,0.9936341027814172,1
6.1399999999999135,1.9919646657757815,0.9936437289488719,1
6.149999999999913,1.9919768172122412,0.9936533405594489,1
6.159999999999913,1.9919889502823893,0.9936629376352741,1
6.169999999999913,1.992001065006934,0.9936725201984373,1
6.179999999999913,1.9920131614076317,0.9936820882709895,1
6.1899999999999125,1.9920252395063442,0.9936916418749436,1
6.199999999999912,1.9920372993254505,0.9937011810322743,1
6.209999999999912,1.9920493408877655,0.9937107057649174,1
6.219999999999912,1.9920613642166445,0.9937202160947693,1
6.229999999999912,1.9920733693358117,0.9937297120436878,1
6.239999999999911,1.9920853562695209,0.9937391936334907,1
6.249999999999911,1.992097325042463,0.9937486608859569,1
6.259999999999911,1.9921092756795191,0.9937581138228263,1
6.269999999999911,1.9921212082063382,0.9937675524657991,1
6.2799999999999105,1.9921331226486703,0.9937769768365367,1
6.28999999999991,1.992145019032793,0.9937863869566614,1
6.29999999999991,1.9921568973848112,0.9937957828477586,1
6.30999999999991,1.992168757732511,0.9938051645313719,1
6.31999999999991,1.9921806001026425,0.9938145320290084,1
6.3299999999999095,1.9921924245227733,0.9938238853621368,1
6.339999999999909,1.9922042310204864,0.9938332245521889,1
6.349999999999909,1.9922160196245047,0.9938425496205565,1
6.359999999999909,1.9922277903615297,0.9938518605885993,1
6.369999999999909,1.9922395432607343,0.9938611574776376,1
6.379999999999908,1.9922512783504422,0.9938704403089559,1
6.389999999999908,1.9922629956593754,0.9938797091038025,1
6.399999999999908,1.9922746952160664,0.9938889638833909,1
6.409999999999908,1.9922863770493955,0.9938982046688989,1
6.419999999999908,1.9922980411882962,0.9939074314814695,1
6.429999999999907,1.9923096876614372,0.993916644342212,1
6.439999999999907,1.9923213164978004,0.9939258432722013,1
6.449999999999907,1.9923329277261028,0.9939350282924792,1
6.459999999999907,1.9923445213754252,0.9939441994240532,1
6.4699999999999065,1.99235609747432,0.9939533566878991,1
6.479999999999906,1.9923676560516788,0.9939625001049592,1
6.489999999999906,1.9923791971361386,0.9939716296961439,1
6.499999999999906,1.9923907207561053,0.993980745482332,1
6.509999999999906,1.9924022269402868,0.9939898474843696,1
6.519999999999905,1.9924137157168087,0.9939989357230724,1
6.529999999999905,1.99242518711401,0.9940080102192245,1
6.539999999999905,1.9924366411599634,0.9940170709935789,1
6.549999999999905,1.9924480778827196,0.994026118066858,1
6.559999999999905,1.9924594973099068,0.994035151459754,1
6.569999999999904,1.9924708994690015,0.9940441711929293,1
6.579999999999904,1.9924822843882324,0.9940531772870141,1
6.589999999999904,1.992493652094539,0.9940621697626099,1
6.599999999999904,1.9925050026151965,0.9940711486402878,1
6.6099999999999035,1.992516335977214,0.9940801139405896,1
6.619999999999903,1.9925276522080968,0.9940890656840253,1
6.629999999999903,1.9925389513333684,0.9940980038910795,1
6.639999999999903,1.9925502333803988,0.9941069285822045,1
6.649999999999903,1.9925614983754838,0.9941158397778238,1
6.659999999999902,1.9925727463450473,0.9941247374983311,1
6.669999999999902,1.992583977315122,0.994133621764091,1
6.679999999999902,1.9925951913118318,0.9941424925954387,1
6.689999999999902,1.9926063883610723,0.99415135001268,1
6.699999999999902,1.9926175684885319,0.9941601940360913,1
6.709999999999901,1.9926287317199662,0.9941690246859199,1
6.719999999999901,1.99263987808079,0.9941778419823838,1
6.729999999999901,1.9926510075965658,0.9941866459456712,1
6.739999999999901,1.9926621202924877,0.9941954365959415,1
6.7499999999999005,1.992673216193865,0.9942042139533243,1
6.7599999999999,1.992684295325799,0.99421297803792,1
6.7699999999999,1.9926953577132913,0.9942217288697996,1
6.7799999999999,1.992706403381366,0.9942304664690047,1
6.7899999999999,1.9927174323548509,0.9942391908555472,1
6.7999999999998995,1.992728444658606,0.9942479020494097,1
6.809999999999899,1.9927394403173424,0.9942566000705452,1
6.819999999999899,1.9927504193558583,0.9942652849388768,1
6.829999999999899,1.9927613817986185,0.9942739566742986,1
6.839999999999899,1.9927723276704068,0.9942826152966746,1
6.849999999999898,1.99278325699562,0.9942912608258394,1
6.859999999999898,1.9927941697989058,0.9942998932815976,1
6.869999999999898,1.9928050661045669,0.9943085126837247,1
6.879999999999898,1.9928159459372439,0.9943171190519656,1
6.8899999999998975,1.9928268093211727,0.9943257124060364,1
6.899999999999897,1.992837656280851,0.9943342927656228,1
6.909999999999897,1.9928484868406529,0.9943428601503809,1
6.919999999999897,1.9928593010248041,0.9943514145799373,1
6.929999999999897,1.9928700988577794,0.9943599560738884,1
6.9399999999998965,1.9928808803638625,0.994368484651801,1
6.949999999999896,1.9928916455671934,0.9943770003332127,1
6.959999999999896,1.992902394492285,0.9943855031376305,1
6.969999999999896,1.9929131271632783,0.9943939930845321,1
6.979999999999896,1.9929238436044052,0.9944024701933657,1
6.989999999999895,1.9929345438400146,0.9944109344835493,1
6.999999999999895,1.992945227894268,0.9944193859744718,1
7.009999999999895,1.992955895791395,0.9944278246854921,1
7.019999999999895,1.9929665475557086,0.9944362506359394,1
7.0299999999998946,1.9929771832112975,0.9944446638451139,1
7.039999999999894,1.992987802782476,0.9944530643322855,1
7.049999999999894,1.9929984062932544,0.9944614521166956,1
7.059999999999894,1.9930089937679436,0.9944698272175553,1
7.069999999999894,1.9930195652306824,0.9944781896540467,1
7.0799999999998935,1.9930301207056482,0.9944865394453223,1
7.089999999999893,1.9930406602168234,0.9944948766105058,1
7.099999999999893,1.9930511837884506,0.9945032011686914,1
7.109999999999893,1.9930616914446817,0.9945115131389437,1
7.119999999999893,1.99307218320939,0.994519812540299,1
7.129999999999892,1.9930826591067798,0.9945280993917639,1
7.139999999999892,1.99309311916084,0.9945363737123163,1
7.149999999999892,1.9931035633955905,0.994544635520905,1
7.159999999999892,1.99311399183501,0.99455288483645,1
7.169999999999892,1.993124404503114,0.9945611216778423,1
7.179999999999891,1.993134801423759,0.9945693460639443,1
7.189999999999891,1.9931451826209021,0.9945775580135897,1
7.199999999999891,1.9931555481183,0.9945857575455838,1
7.209999999999891,1.9931658979399658,0.9945939446787027,1
7.2199999999998905,1.9931762321096091,0.9946021194316944,1
7.22999999999989,1.9931865506511537,0.9946102818232782,1
7.23999999999989,1.9931968535881281,0.9946184318721453,1
7.24999999999989,1.993207140944455,0.9946265695969582,1
7.25999999999989,1.9932174127436342,0.9946346950163515,1
7.269999999999889,1.9932276690094444,0.9946428081489312,1
7.279999999999889,1.993237909765387,0.9946509090132756,1
7.289999999999889,1.9932481350351314,0.9946589976279342,1
7.299999999999889,1.993258344842145,0.994667074011429,1
7.309999999999889,1.9932685392099037,0.9946751381822537,1
7.319999999999888,1.9932787181619025,0.9946831901588743,1
7.329999999999888,1.9932888817215433,0.9946912299597286,1
7.339999999999888,1.993299029912122,0.9946992576032269,1
7.349999999999888,1.9933091627571038,0.9947072731077512,1
7.3599999999998875,1.9933192802796718,0.9947152764916563,1
7.369999999999887,1.9933293825030867,0.9947232677732689,1
7.379999999999887,1.99333946945059,0.9947312469708883,1
7.389999999999887,1.9933495411452817,0.9947392141027862,1
7.399999999999887,1.993359597610433,0.9947471691872063,1
7.4099999999998865,1.9933696388689064,0.9947551122423655,1
7.419999999999886,1.9933796649439894,0.9947630432864524,1
7.429999999999886,1.9933896758584604,0.994770962337629,1
7.439999999999886,1.9933996716353546,0.9947788694140295,1
7.449999999999886,1.9934096522977012,0.9947867645337606,1
7.459999999999885,1.993419617868279,0.9947946477149019,1
7.469999999999885,1.9934295683699008,0.9948025189755059,1
7.479999999999885,1.9934395038254336,0.9948103783335975,1
7.489999999999885,1.9934494242576088,0.9948182258071748,1
7.4999999999998845,1.993459329689211,0.9948260614142084,1
7.509999999999884,1.993469220142805,0.994833885172642,1
7.519999999999884,1.9934790956411552,0.9948416971003923,1
7.529999999999884,1.9934889562066969,0.994849497215349,1
7.539999999999884,1.9934988018622606,0.9948572855353743,1
7.5499999999998835,1.9935086326301303,0.9948650620783043,1
7.559999999999883,1.9935184485330082,0.9948728268619472,1
7.569999999999883,1.9935282495931645,0.9948805799040853,1
7.579999999999883,1.993538035833178,0.9948883212224733,1
7.589999999999883,1.9935478072753485,0.9948960508348395,1
7.599999999999882,1.9935575639420184,0.9949037687588853,1
7.609999999999882,1.9935673058555903,0.9949114750122854,1
7.619999999999882,1.9935770330382556,0.9949191696126878,1
7.629999999999882,1.993586745512373,0.9949268525777136,1
7.6399999999998816,1.9935964433000548,0.9949345239249577,1
7.649999999999881,1.993606126423495,0.9949421836719883,1
7.659999999999881,1.9936157949049131,0.9949498318363467,1
7.669999999999881,1.9936254487662757,0.9949574684355482,1
7.679999999999881,1.99363508802983,0.9949650934870813,1
7.6899999999998805,1.9936447127175099,0.9949727070084081,1
7.69999999999988,1.9936543228514534,0.9949803090169642,1
7.70999999999988,1.993663918453474,0.9949878995301592,1
7.71999999999988,1.9936734995457026,0.9949954785653758,1
7.72999999999988,1.9936830661499203,0.995003046139971,1
7.739999999999879,1.9936926182880241,0.9950106022712754,1
7.749999999999879,1.99370215598198,0.9950181469765929,1
7.759999999999879,1.9937116792535114,0.9950256802732017,1
7.769999999999879,1.9937211881244263,0.9950332021783539,1
7.779999999999879,1.9937306826164367,0.9950407127092754,1
7.789999999999878,1.993740162751435,0.9950482118831657,1
7.799999999999878,1.9937496285509173,0.9950556997171989,1
7.809999999999878,1.9937590800366922,0.9950631762285225,1
7.819999999999878,1.9937685172303337,0.9950706414342584,1
7.8299999999998775,1.9937779401534683,0.9950780953515025,1
7.839999999999877,1.9937873488276283,0.9950855379973249,1
7.849999999999877,1.9937967432743617,0.9950929693887699,1
7.859999999999877,1.9938061235152453,0.9951003895428557,1
7.869999999999877,1.9938154895716864,0.9951077984765752,1
7.879999999999876,1.9938248414651008,0.9951151962068953,1
7.889999999999876,1.9938341792170073,0.9951225827507572,1
7.899999999999876,1.9938435028486827,0.9951299581250767,1
7.909999999999876,1.9938528123815695,0.9951373223467437,1
7.919999999999876,1.9938621078369483,0.9951446754326227,1
7.929999999999875,1.9938713892361146,0.9951520173995528,1
7.939999999999875,1.9938806566003078,0.9951593482643475,1
7.949999999999875,1.9938899099507046,0.9951666680437949,1
7.959999999999875,1.9938991493086216,0.9951739767546577,1
7.9699999999998745,1.9939083746951773,0.995181274413673,1
7.979999999999874,1.993917586131504,0.9951885610375528,1
7.989999999999874,1.993926783638592,0.9951958366429842,1
7.999999999999874,1.993935967237724,0.9952031012466281,1
8.009999999999874,1.9939451369497152,0.9952103548651213,1
8.019999999999873,1.9939542927956864,0.9952175975150748,1
8.029999999999873,1.993963434796604,0.9952248292130744,1
8.039999999999873,1.9939725629734137,0.9952320499756812,1
8.049999999999873,1.9939816773470462,0.9952392598194307,1
8.059999999999873,1.993990777938293,0.9952464587608342,1
8.069999999999872,1.993999864768116,0.9952536468163772,1
8.079999999999872,1.9940089378572392,0.9952608240025208,1
8.089999999999872,1.9940179972264294,0.9952679903357012,1
8.099999999999872,1.9940270428965592,0.9952751458323295,1
8.109999999999872,1.9940360748882604,0.9952822905087919,1
8.119999999999871,1.9940450932222515,0.9952894243814502,1
8.129999999999871,1.994054097919117,0.9952965474666413,1
8.139999999999871,1.9940630889996145,0.9953036597806773,1
8.14999999999987,1.9940720664842657,0.9953107613398455,1
8.15999999999987,1.9940810303935979,0.9953178521604091,1
8.16999999999987,1.9940899807481973,0.9953249322586063,1
8.17999999999987,1.9940989175685626,0.9953320016506507,1
8.18999999999987,1.9941078408751327,0.9953390603527317,1
8.19999999999987,1.9941167506883637,0.9953461083810139,1
8.20999999999987,1.994125647028657,0.9953531457516377,1
8.21999999999987,1.994134529916396,0.995360172480719,1
8.229999999999869,1.9941433993719073,0.9953671885843492,1
8.239999999999869,1.9941522554155369,0.9953741940785957,1
8.249999999999869,1.994161098067497,0.9953811889795015,1
8.259999999999868,1.994169927348175,0.9953881733030848,1
8.269999999999868,1.9941787432776792,0.9953951470653404,1
8.279999999999868,1.9941875458762002,0.9954021102822385,1
8.289999999999868,1.9941963351639127,0.9954090629697252,1
8.299999999999867,1.994205111160978,0.9954160051437225,1
8.309999999999867,1.9942138738874235,0.9954229368201285,1
8.319999999999867,1.9942226233634928,0.9954298580148166,1
8.329999999999867,1.9942313596089114,0.9954367687436374,1
8.339999999999867,1.994240082644024,0.9954436690224162,1
8.349999999999866,1.9942487924885708,0.9954505588669553,1
8.359999999999866,1.9942574891625955,0.9954574382930328,1
8.369999999999866,1.9942661726859394,0.995464307316403,1
8.379999999999866,1.994274843078578,0.9954711659527963,1
8.389999999999866,1.9942835003603243,0.9954780142179193,1
8.399999999999865,1.9942921445510053,0.9954848521274549,1
8.409999999999865,1.994300775670391,0.9954916796970623,1
8.419999999999865,1.9943093937383134,0.995498496942377,1
8.429999999999865,1.9943179987744757,0.9955053038790108,1
8.439999999999864,1.9943265907984769,0.9955121005225522,1
8.449999999999864,1.9943351698300826,0.9955188868885659,1
8.459999999999864,1.9943437358890237,0.9955256629925928,1
8.469999999999864,1.994352288994823,0.9955324288501506,1
8.479999999999864,1.9943608291670076,0.9955391844767336,1
8.489999999999863,1.9943693564252838,0.9955459298878124,1
8.499999999999863,1.994377870789001,0.9955526650988347,1
8.509999999999863,1.9943863722778263,0.9955593901252241,1
8.519999999999863,1.9943948609111173,0.9955661049823815,1
8.529999999999863,1.9944033367083969,0.9955728096856842,1
8.539999999999862,1.9944117996889006,0.9955795042504866,1
8.549999999999862,1.9944202498722663,0.9955861886921192,1
8.559999999999862,1.9944286872775925,0.9955928630258902,1
8.569999999999862,1.9944371119244027,0.9955995272670839,1
8.579999999999862,1.9944455238318344,0.9956061814309619,1
8.589999999999861,1.9944539230193075,0.9956128255327624,1
8.599999999999861,1.994462309505885,0.995619459587701,1
8.60999999999986,1.994470683310869,0.99562608361097,1
8.61999999999986,1.9944790444534422,0.9956326976177388,1
8.62999999999986,1.9944873929527305,0.9956393016231536,1
8.63999999999986,1.9944957288277974,0.9956458956423383,1
8.64999999999986,1.9945040520978876,0.9956524796903932,1
8.65999999999986,1.9945123627818893,0.9956590537823963,1
8.66999999999986,1.9945206608989268,0.9956656179334026,1
8.67999999999986,1.9945289464679636,0.9956721721584444,1
8.68999999999986,1.9945372195079814,0.9956787164725313,1
8.699999999999859,1.994545480037906,0.9956852508906501,1
8.709999999999859,1.9945537280768093,0.9956917754277647,1
8.719999999999859,1.994561963643365,0.9956982900988168,1
8.729999999999858,1.9945701867565557,0.9957047949187254,1
8.739999999999858,1.9945783974351299,0.995711289902387,1
8.749999999999858,1.9945865956979667,0.9957177750646753,1
8.759999999999858,1.9945947815638227,0.9957242504204417,1
8.769999999999857,1.9946029550514344,0.995730715984515,1
8.779999999999857,1.9946111161794784,0.995737171771702,1
8.789999999999857,1.9946192649667316,0.9957436177967864,1
8.799999999999857,1.9946274014318517,0.9957500540745301,1
8.809999999999857,1.994635525593393,0.9957564806196725,1
8.819999999999856,1.9946436374699614,0.9957628974469308,1
8.829999999999856,1.9946517370801495,0.995769304571,1
8.839999999999856,1.994659824442621,0.9957757020065524,1
8.849999999999856,1.9946678995757985,0.9957820897682386,1
8.859999999999856,1.9946759624981505,0.9957884678706869,1
8.869999999999855,1.9946840132281234,0.9957948363285036,1
8.879999999999855,1.9946920517843127,0.9958011951562726,1
8.889999999999855,1.9947000781849602,0.9958075443685561,1
8.899999999999855,1.9947080924484597,0.9958138839798942,1
8.909999999999854,1.9947160945932783,0.9958202140048048,1
8.919999999999854,1.9947240846376024,0.9958265344577841,1
8.929999999999854,1.9947320625998626,0.9958328453533062,1
8.939999999999854,1.9947400284982126,0.9958391467058234,1
8.949999999999854,1.9947479823510141,0.995845438529766,1
8.959999999999853,1.994755924176392,0.9958517208395428,1
8.969999999999853,1.994763853992598,0.9958579936495403,1
8.979999999999853,1.9947717718176785,0.995864256974124,1
8.989999999999853,1.9947796776698468,0.995870510827637,1
8.999999999999853,1.9947875715671954,0.9958767552244011,1
9.009999999999852,1.9947954535278822,0.9958829901787161,1
9.019999999999852,1.9948033235698583,0.9958892157048603,1
9.029999999999852,1.9948111817111203,0.9958954318170908,1
9.039999999999852,1.99481902796977,0.9959016385296426,1
9.049999999999851,1.9948268623636682,0.9959078358567296,1
9.059999999999851,1.9948346849108867,0.9959140238125437,1
9.069999999999851,1.9948424956292188,0.9959202024112558,1
9.07999999999985,1.9948502945365414,0.9959263716670154,1
9.08999999999985,1.9948580816508394,0.9959325315939501,1
9.09999999999985,1.9948658569898206,0.9959386822061668,1
9.10999999999985,1.9948736205713977,0.9959448235177504,1
9.11999999999985,1.9948813724132448,0.995950955542765,1
9.12999999999985,1.9948891125332036,0.9959570782952533,1
9.13999999999985,1.9948968409489551,0.9959631917892365,1
9.14999999999985,1.9949045576781559,0.9959692960387152,1
9.15999999999985,1.9949122627385645,0.9959753910576682,1
9.169999999999849,1.9949199561478175,0.9959814768600533,1
9.179999999999849,1.9949276379234533,0.9959875534598076,1
9.189999999999849,1.9949353080831416,0.9959936208708466,1
9.199999999999848,1.9949429666443907,0.9959996791070652,1
9.209999999999848,1.9949506136248054,0.9960057281823369,1
9.219999999999848,1.9949582490418252,0.9960117681105145,1
9.229999999999848,1.994965872912982,0.9960177989054297,1
9.239999999999847,1.9949734852557635,0.9960238205808933,1
9.249999999999847,1.9949810860874408,0.9960298331506956,1
9.259999999999847,1.9949886754256503,0.9960358366286053,1
9.269999999999847,1.9949962532876089,0.9960418310283708,1
9.279999999999847,1.9950038196907718,0.9960478163637196,1
9.289999999999846,1.995011374652354,0.9960537926483586,1
9.299999999999846,1.9950189181897382,0.9960597598959736,1
9.309999999999846,1.9950264503202295,0.9960657181202299,1
9.319999999999846,1.9950339710609573,0.9960716673347724,1
9.329999999999846,1.9950414804292589,0.9960776075532248,1
9.339999999999845,1.9950489784422774,0.9960835387891908,1
9.349999999999845,1.9950564651172096,0.996089461056253,1
9.359999999999845,1.995063940471163,0.9960953743679738,1
9.369999999999845,1.9950714045213038,0.996101278737895,1
9.379999999999844,1.9950788572846716,0.996107174179538,1
9.389999999999844,1.9950862987784028,0.9961130607064035,1
9.399999999999844,1.995093729019428,0.9961189383319722,1
9.409999999999844,1.9951011480248888,0.996124807069704,1
9.419999999999844,1.995108555811691,0.9961306669330386,1
9.429999999999843,1.9951159523968323,0.9961365179353956,1
9.439999999999843,1.9951233377972617,0.9961423600901739,1
9.449999999999843,1.9951307120298756,0.9961481934107523,1
9.459999999999843,1.995138075111551,0.9961540179104896,1
9.469999999999843,1.9951454270591906,0.9961598336027241,1
9.479999999999842,1.9951527678892962,0.9961656405007749,1
9.489999999999842,1.9951600976192367,0.9961714386179394,1
9.499999999999842,1.9951674162655615,0.9961772279674955,1
9.509999999999842,1.9951747238450421,0.996183008562701,1
9.519999999999841,1.9951820203743535,0.9961887804167939,1
9.529999999999841,1.995189305870603,0.9961945435429909,1
9.539999999999841,1.995196580349664,0.9962002979544912,1
9.54999999999984,1.9952038438287452,0.9962060436644724,1
9.55999999999984,1.9952110963243592,0.9962117806860926,1
9.56999999999984,1.9952183378531438,0.9962175090324898,1
9.57999999999984,1.995225568431646,0.9962232287167824,1
9.58999999999984,1.9952327880764331,0.9962289397520686,1
9.59999999999984,1.9952399968040193,0.9962346421514272,1
9.60999999999984,1.9952471946310677,0.9962403359279166,1
9.61999999999984,1.9952543815738446,0.9962460210945762,1
9.62999999999984,1.9952615576489277,0.9962516976644251,1
9.639999999999839,1.995268722872702,0.9962573656504632,1
9.649999999999839,1.9952758772616508,0.9962630250656702,1
9.659999999999838,1.9952830208320953,0.9962686759230066,1
9.669999999999838,1.995290153600329,0.9962743182354133,1
9.679999999999838,1.9952972755827822,0.9962799520158115,1
9.689999999999838,1.995304386795855,0.9962855772771025,1
9.699999999999838,1.9953114872556594,0.9962911940321687,1
9.709999999999837,1.995318576978463,0.9962968022938729,1
9.719999999999837,1.9953256559806887,0.9963024020750578,1
9.729999999999837,1.99533272427833,0.9963079933885477,1
9.739999999999837,1.9953397818876917,0.9963135762471468,1
9.749999999999837,1.995346828824844,0.9963191506636403,1
9.759999999999836,1.9953538651060707,0.9963247166507937,1
9.769999999999836,1.9953608907473859,0.9963302742213535,1
9.779999999999836,1.995367905764848,0.9963358233880468,1
9.789999999999836,1.9953749101746223,0.9963413641635815,1
9.799999999999836,1.995381903992675,0.9963468965606463,1
9.809999999999835,1.9953888872350245,0.9963524205919108,1
9.819999999999835,1.9953958599176773,0.9963579362700251,1
9.829999999999835,1.9954028220566717,0.9963634436076204,1
9.839999999999835,1.9954097736678804,0.9963689426173088,1
9.849999999999834,1.9954167147671464,0.9963744333116835,1
9.859999999999834,1.9954236453704925,0.9963799157033184,1
9.869999999999834,1.9954305654937066,0.9963853898047685,1
9.879999999999834,1.9954374751527124,0.9963908556285698,1
9.889999999999834,1.995444374363311,0.9963963131872391,1
9.899999999999833,1.9954512631412848,0.9964017624932746,1
9.909999999999833,1.9954581415023993,0.9964072035591556,1
9.919999999999833,1.9954650094623632,0.9964126363973425,1
9.929999999999833,1.9954718670368363,0.9964180610202772,1
9.939999999999833,1.9954787142417914,0.996423477440382,1
9.949999999999832,1.9954855510927687,0.9964288856700606,1
9.959999999999832,1.9954923776054705,0.9964342857216981,1
9.969999999999832,1.9954991937954305,0.9964396776076611,1
9.979999999999832,1.9955059996786517,0.996445061340296,1
9.989999999999831,1.9955127952699754,0.9964504369319332,1
9.999999999999831,1.9955195805854338,0.996455804394883,1
10.009999999999831,1.9955263556405134,0.996461163741437,1
